{
  "n": 219,
  "accuracy": 0.6986301369863014,
  "gold_counts": {
    "C": 15,
    "S": 153,
    "I": 44,
    "S*": 7
  },
  "pred_counts": {
    "S": 219
  },
  "metrics": {
    "S": {
      "precision": 0.6986301369863014,
      "recall": 1.0,
      "f1": 0.8225806451612903,
      "support": 153
    },
    "S*": {
      "precision": 0.0,
      "recall": 0.0,
      "f1": 0.0,
      "support": 7
    },
    "I": {
      "precision": 0.0,
      "recall": 0.0,
      "f1": 0.0,
      "support": 44
    },
    "C": {
      "precision": 0.0,
      "recall": 0.0,
      "f1": 0.0,
      "support": 15
    },
    "macro_f1": 0.20564516129032256
  },
  "n_gold": 219,
  "n_scored": 219,
  "missing": [],
  "invalid": [],
  "by_batch": {
    "sn40": {
      "n": 39,
      "accuracy": 0.5128205128205128,
      "gold_counts": {
        "C": 9,
        "S": 20,
        "I": 7,
        "S*": 3
      },
      "pred_counts": {
        "S": 39
      },
      "metrics": {
        "S": {
          "precision": 0.5128205128205128,
          "recall": 1.0,
          "f1": 0.6779661016949152,
          "support": 20
        },
        "S*": {
          "precision": 0.0,
          "recall": 0.0,
          "f1": 0.0,
          "support": 3
        },
        "I": {
          "precision": 0.0,
          "recall": 0.0,
          "f1": 0.0,
          "support": 7
        },
        "C": {
          "precision": 0.0,
          "recall": 0.0,
          "f1": 0.0,
          "support": 9
        },
        "macro_f1": 0.1694915254237288
      }
    },
    "consent121": {
      "n": 121,
      "accuracy": 0.7107438016528925,
      "gold_counts": {
        "I": 35,
        "S": 86
      },
      "pred_counts": {
        "S": 121
      },
      "metrics": {
        "S": {
          "precision": 0.7107438016528925,
          "recall": 1.0,
          "f1": 0.8309178743961353,
          "support": 86
        },
        "S*": {
          "precision": 0.0,
          "recall": 0.0,
          "f1": 0.0,
          "support": 0
        },
        "I": {
          "precision": 0.0,
          "recall": 0.0,
          "f1": 0.0,
          "support": 35
        },
        "C": {
          "precision": 0.0,
          "recall": 0.0,
          "f1": 0.0,
          "support": 0
        },
        "macro_f1": 0.20772946859903382
      }
    },
    "acisn75": {
      "n": 59,
      "accuracy": 0.7966101694915254,
      "gold_counts": {
        "S": 47,
        "C": 6,
        "S*": 4,
        "I": 2
      },
      "pred_counts": {
        "S": 59
      },
      "metrics": {
        "S": {
          "precision": 0.7966101694915254,
          "recall": 1.0,
          "f1": 0.8867924528301886,
          "support": 47
        },
        "S*": {
          "precision": 0.0,
          "recall": 0.0,
          "f1": 0.0,
          "support": 4
        },
        "I": {
          "precision": 0.0,
          "recall": 0.0,
          "f1": 0.0,
          "support": 2
        },
        "C": {
          "precision": 0.0,
          "recall": 0.0,
          "f1": 0.0,
          "support": 6
        },
        "macro_f1": 0.22169811320754715
      }
    }
  },
  "by_candidate_type": {
    "safety-netting": {
      "n": 98,
      "accuracy": 0.6836734693877551,
      "gold_counts": {
        "C": 15,
        "S": 67,
        "I": 9,
        "S*": 7
      },
      "pred_counts": {
        "S": 98
      },
      "metrics": {
        "S": {
          "precision": 0.6836734693877551,
          "recall": 1.0,
          "f1": 0.8121212121212121,
          "support": 67
        },
        "S*": {
          "precision": 0.0,
          "recall": 0.0,
          "f1": 0.0,
          "support": 7
        },
        "I": {
          "precision": 0.0,
          "recall": 0.0,
          "f1": 0.0,
          "support": 9
        },
        "C": {
          "precision": 0.0,
          "recall": 0.0,
          "f1": 0.0,
          "support": 15
        },
        "macro_f1": 0.20303030303030303
      }
    },
    "consent": {
      "n": 121,
      "accuracy": 0.7107438016528925,
      "gold_counts": {
        "I": 35,
        "S": 86
      },
      "pred_counts": {
        "S": 121
      },
      "metrics": {
        "S": {
          "precision": 0.7107438016528925,
          "recall": 1.0,
          "f1": 0.8309178743961353,
          "support": 86
        },
        "S*": {
          "precision": 0.0,
          "recall": 0.0,
          "f1": 0.0,
          "support": 0
        },
        "I": {
          "precision": 0.0,
          "recall": 0.0,
          "f1": 0.0,
          "support": 35
        },
        "C": {
          "precision": 0.0,
          "recall": 0.0,
          "f1": 0.0,
          "support": 0
        },
        "macro_f1": 0.20772946859903382
      }
    }
  }
}